<?xml version="1.0" encoding="UTF-8"?>
<sequence name="PaymentRequestProcessingSequence" trace="disable" xmlns="http://ws.apache.org/ns/synapse">
    <property description="Get Email ID" expression="json-eval($.patient.email)" name="email_id" scope="default" type="STRING"/>
    <call>
        <endpoint key="SettlePaymentEP"/>
    </call>
    <log level="full"/>
    <property description="Get Payment Response" expression="json-eval($.)" name="payment_response" scope="default" type="STRING"/>
    <gmail.init>
        <userId>portilloga@gmail.com</userId>
        <accessToken>ya29.a0ARrdaM_muvpYgMBnCVrN164GB_JgdrO7JyFOl-Mwuckb1O2ssL3jwHYvy8NdXLgpHR5p5N7V3LqX2h2ZyuSW00B5o9B9FVRvcZnW8JpQXgcRfkTQbT2ITVnDnpBpGf2UuLEoVNY1Wjw9JvlrkbfqNUISytLH</accessToken>
        <apiUrl>https://www.googleapis.com/gmail</apiUrl>
        <clientId>600949270186-s3qem8i1ir2oeh714nv78upgfe6l0bc6.apps.googleusercontent.com</clientId>
        <clientSecret>JKE-pKhVjW7OVJZOiZ4QQeNw</clientSecret>
        <refreshToken>1//04VCq5I2Z-EGsCgYIARAAGAQSNwF-L9Irvbe4_CBJPpKBmfE5Y7HmQH4SmW4OPTc3bnzSUPoruyqtU-qQS8lDAWz9AuAmlbrDzTw</refreshToken>
        <accessTokenRegistryPath>1//04VCq5I2Z-EGsCgYIARAAGAQSNwF-L9Irvbe4_CBJPpKBmfE5Y7HmQH4SmW4OPTc3bnzSUPoruyqtU-qQS8lDAWz9AuAmlbrDzTw</accessTokenRegistryPath>
    </gmail.init>
    <gmail.sendMail>
        <to>{$ctx:email_id}</to>
        <subject>Payment Status</subject>
        <messageBody>{$ctx:payment_response}</messageBody>
    </gmail.sendMail>
    <drop/>
</sequence>
